id,prodotto,categoria,prezzo,quantit√†,data_vendita,venditore
1,Notebook X200,Elettronica,1200.5,2,2023-01-15,Anna
2,Smartphone Y7,Elettronica,700.0,1,2023-01-17,Marco
3,Tablet Z10,Elettronica,300.0,3,2023-01-20,Sara
4,Notebook X200,Elettronica,1200.5,1,2023-01-22,Anna
5,Smartphone Y7,Elettronica,700.0,2,2023-01-25,Marco
6,TV Ultra HD 55",Elettrodomestici,800.0,1,2023-01-30,Anna
7,Lavatrice 7kg,Elettrodomestici,500.0,1,2023-02-02,Sara
8,Frigorifero 300L,Elettrodomestici,600.0,1,2023-02-10,Marco
9,Notebook X200,Elettronica,1200.5,1,2023-02-12,Anna
10,Smartphone Y7,Elettronica,700.0,1,2023-02-15,Marco
11,Tablet Z10,Elettronica,300.0,2,2023-02-20,Sara
12,TV Ultra HD 55",Elettrodomestici,800.0,1,2023-02-25,Anna